{
  "twonn": {
    "accs": [
      0.71,
      0.719,
      0.713,
      0.724,
      0.7245
    ],
    "mean": 0.7181,
    "std": 0.005800000000000017
  },
  "levina_bickel": {
    "accs": [
      0.7315,
      0.7445,
      0.736,
      0.7355,
      0.7365
    ],
    "mean": 0.7367999999999999,
    "std": 0.004237924020083424
  }
}