{
  "accs": [
    0.9657407407407408,
    0.9638888888888889,
    0.9643518518518519,
    0.9587962962962963,
    0.9583333333333334
  ],
  "mean": 0.9622222222222222,
  "std": 0.003051343898756331
}