{
  "accs": [
    0.9822222222222222,
    0.9811111111111112,
    0.98,
    0.9766666666666667,
    0.9722222222222222
  ],
  "mean": 0.9784444444444444,
  "std": 0.003624334762288916,
  "auroc": 0.982312987012987
}